,gene_name
0,CAPN9
1,ILF2
2,ST6GALNAC5
3,MROH7-TTC4
4,AGO4
5,AKR1A1
6,LRRC8B
7,EFNA3
8,GSTM3
9,CRYBG2
10,CCDC24
11,ARHGEF2
12,SYNC
13,ABCA4
14,LYST
15,XCL2
16,RBM15
17,JAK1
18,SMAP2
19,PTPN7
20,IQGAP3
21,IFI16
22,PIGV
23,IRF6
24,TMEM53
25,C1QTNF12
26,CLCNKA
27,SESN2
28,HPCA
29,PRAMEF13
30,IPP
31,SELE
32,SETDB1
33,TNFRSF9
34,PRRC2C
35,TAL1
36,PPM1J
37,ATP1A2
38,CDC20
39,MARK1
40,RNF19B
41,CPTP
42,ADORA1
43,PMF1-BGLAP
44,DNAH14
45,UBE2U
46,CEP104
47,DARS2
48,RNF207
49,BMP8B
50,VTCN1
51,GABPB2
52,NOS1AP
53,EPHA10
54,SRGAP2
55,SZT2
56,NR5A2
57,PMVK
58,LHX8
59,LCE3C
60,OR10R2
61,RNF115
62,LURAP1
63,NENF
64,TMEM52
65,SRP9
66,MIIP
67,P3R3URF
68,WASF2
69,SMCP
70,GNB1
71,ARID1A
72,RIMKLA
73,NHLH2
74,ST7L
75,CYP2J2
76,PRRX1
77,ZNF436
78,C1orf56
79,DDI2
80,MTOR
81,PRAMEF5
82,TNNI3K
83,NMNAT2
84,YTHDF2
85,SFT2D2
86,FAM71A
87,FAAP20
88,SLC30A7
89,TLCD4-RWDD3
90,RFX5
91,C1orf122
92,CDA
93,RPTN
94,FAM229A
95,CD55
96,MCOLN2
97,RASAL2
98,MEX3A
99,TGFBR3
100,PDIK1L
101,STUM
102,NDUFS5
103,CHTOP
104,ALG14
105,CD34
106,PTGFR
107,KCNA10
108,FCMR
109,LYPLAL1
110,RABGGTB
111,NFIA
112,ADSS2
113,PPIAL4E
114,FMO3
115,NECTIN4
116,SMPDL3B
117,ITGA10
118,H3-4
119,AGT
120,H3C14
121,RBM34
122,TTLL10
123,SPRR2G
124,FOXD2
125,EXOSC10
126,TAGLN2
127,IGSF9
128,CCDC163
129,ZC3H11A
130,USH2A
131,F3
132,ZNF670-ZNF695
133,S100A16
134,SPATA45
135,FCER1G
136,HEYL
137,RBBP5
138,JMJD4
139,MLLT11
140,FAM110D
141,MMP23B
142,TMEM51
143,SLC26A9
144,VAV3
145,NTPCR
146,STIL
147,ZNF593OS
148,ARF1
149,PCSK9
150,TRAPPC3
151,GLUL
152,CD5L
153,DISP3
154,SLC30A2
155,LYSMD1
156,MPZ
157,OR6Y1
158,PEX19
159,OR2M3
160,KIAA2013
161,DNAJC16
162,HDAC1
163,KCNT2
164,SH2D2A
165,IL22RA1
166,CSMD2
167,NR1I3
168,LCE2C
169,TDRKH
170,PLOD1
171,SLC41A1
172,C8A
173,RXRG
174,RGL1
175,PRKCZ
176,ZBTB18
177,RHD
178,SEMA6C
179,RHOU
180,FOXD3
181,ZNF648
182,MORN1
183,GOLPH3L
184,TMEM35B
185,PRKACB
186,OXCT2
187,PARP1
188,S100A5
189,THRAP3
190,UHMK1
191,NECAP2
192,NBPF3
193,H3C13
194,LYPD8
195,C1orf35
196,HMGN2
197,CDC42
198,RPA2
199,ZMYM4
200,RAVER2
201,CTRC
202,RIIAD1
203,PLA2G5
204,NOTCH2NLA
205,PRDX6
206,IBA57
207,G0S2
208,TAS1R2
209,FAM76A
210,PATJ
211,SRGAP2C
212,FMO2
213,ZNF670
214,MAN1C1
215,OSCP1
216,SPATA46
217,ATP1A4
218,LPGAT1
219,C1orf162
220,HSD3B2
221,OR2L3
222,B4GALT2
223,PGBD2
224,ORC1
225,GPR61
226,XPR1
227,PRAMEF25
228,LACTBL1
229,PAQR6
230,S100A10
231,OLFML2B
232,KIFAP3
233,TOE1
234,ZFP69B
235,TAFA3
236,UCK2
237,BOLA1
238,KCTD3
239,ACAP3
240,MT1HL1
241,RPL22
242,ACTN2
243,CLSTN1
244,FAM43B
245,COX20
246,PLA2G4A
247,NOL9
248,ESRRG
249,BROX
250,COPA
251,PYGO2
252,PRR9
253,UQCRHL
254,HMGB4
255,RHBDL2
256,FH
257,CCDC17
258,MTF1
259,SELL
260,HPDL
261,GNG5
262,GADD45A
263,PPIH
264,TMEM88B
265,CTPS1
266,EPS15
267,KPRP
268,LEFTY2
269,TCHHL1
270,GJB5
271,FMO1
272,DNAJC11
273,STX12
274,WDR26
275,YARS1
276,OR13G1
277,GPA33
278,TAF1A
279,ERMAP
280,SLAMF8
281,LRRC52
282,IGSF21
283,PPOX
284,RORC
285,AMY2B
286,CA6
287,LCE3D
288,SHISA4
289,ZBTB40
290,TXLNA
291,LCE1E
292,RSRP1
293,H2AC20
294,PDZK1IP1
295,NBPF26
296,B4GALT3
297,SLC25A44
298,CASQ1
299,TMEM81
300,KCNA3
301,HSPB11
302,KHDRBS1
303,USP33
304,NAV1
305,CD1C
306,SPTA1
307,DCLRE1B
308,NASP
309,MSH4
310,OPN3
311,DCAF8
312,MRPL24
313,TEX46
314,IFNLR1
315,MTF2
316,PLD5
317,PTPN22
318,SNX7
319,SDE2
320,CDCA8
321,SLAMF7
322,KRTCAP2
323,SPOCD1
324,GREM2
325,FNDC10
326,LRRC40
327,LMX1A
328,MAD2L2
329,H3C15
330,GUK1
331,ELAVL4
332,AHCYL1
333,OR6K3
334,SGIP1
335,ZBTB41
336,KDM1A
337,RAB13
338,HIPK1
339,MUTYH
340,SYPL2
341,FUCA1
342,KCNJ10
343,ARHGEF16
344,HECTD3
345,ATAD3C
346,GPR89B
347,TRIM11
348,CNIH3
349,AHDC1
350,FMN2
351,TM2D1
352,SLC35A3
353,GATAD2B
354,CYP4A22
355,NTNG1
356,KIF21B
357,RGS21
358,WDR47
359,SH3BP5L
360,TSPAN2
361,BTBD19
362,RNF220
363,STRIP1
364,DUSP10
365,VANGL1
366,C1orf94
367,KIF17
368,SRGAP2B
369,DNAI3
370,CACHD1
371,TPM3
372,PKP1
373,PRDM2
374,BNIPL
375,VSIG8
376,DDAH1
377,CHD5
378,H3-3A
379,S100A7
380,PRAMEF14
381,GLRX2
382,DYNLT4
383,DDX59
384,PIP5K1A
385,NCDN
386,ATG4C
387,RSPO1
388,PSMA5
389,EXO5
390,TRAF3IP3
391,RPL11
392,ANKRD65
393,PLA2G2F
394,BSDC1
395,PTGER3
396,GPR157
397,PPIAL4A
398,SNIP1
399,NBPF6
400,RC3H1
401,PPT1
402,CREG1
403,KIAA0040
404,TAF5L
405,DMAP1
406,SLC25A24
407,RCC2
408,BTF3L4
409,FAM72A
410,AKT3
411,SPEN
412,PEX11B
413,PIGK
414,PPFIA4
415,STXBP3
416,LEFTY1
417,GBP4
418,FCRLB
419,COL24A1
420,OMA1
421,GSTM2
422,TOR1AIP2
423,GSTM4
424,CCDC30
425,ZBTB8B
426,GPBP1L1
427,PITHD1
428,PDC
429,ISG20L2
430,CYP4X1
431,WDR64
432,EDARADD
433,LRRC41
434,DNASE2B
435,CNIH4
436,MRPS14
437,CTH
438,OR2W3
439,MAB21L3
440,PGLYRP4
441,IGFN1
442,FGR
443,NEK7
444,WNT4
445,MIB2
446,PRAMEF27
447,THBS3
448,IVNS1ABP
449,TENT5B
450,H2AW
451,SOAT1
452,MTX1
453,POU2F1
454,AGL
455,OR2M5
456,CAPN8
457,FAM72B
458,NBPF12
459,CRTC2
460,GOLT1A
461,MIGA1
462,NUAK2
463,UBL4B
464,CSF3R
465,PLXNA2
466,NUDT17
467,OR10Z1
468,MYBPH
469,ZDHHC18
470,DCST1
471,NPHP4
472,SYF2
473,KIF2C
474,NPL
475,SERINC2
476,MR1
477,MFSD14A
478,DHDDS
479,LCK
480,SH3GLB1
481,FAF1
482,AMPD1
483,UBE2J2
484,FPGT
485,SLC30A10
486,SLC6A9
487,LAMB3
488,DISC1
489,FMO5
490,ARHGEF10L
491,RALGPS2
492,FNDC7
493,TMEM69
494,DYRK3
495,UBXN11
496,CATSPER4
497,CHIA
498,CLCC1
499,CAMSAP2
500,S100A13
501,TRIM58
502,ADAMTSL4
503,PRKAB2
504,TSTD1
505,LAMTOR2
506,OR14L1P
507,ZCCHC17
508,SMYD2
509,CD1B
510,S100A11
511,RAD54L
512,CR1
513,ZNF496
514,HORMAD1
515,OR2G2
516,IL10
517,KCNK2
518,LIN9
519,ZNF326
520,CDCP2
521,GSTM1
522,NFYC
523,ST3GAL3
524,SCMH1
525,PHF13
526,ZNF593
527,OR4F5
528,NEGR1
529,GPR89A
530,SRM
531,EIF2D
532,RRP15
533,ARL8A
534,MAST2
535,BATF3
536,NEXN
537,NDUFS2
538,TXNDC12
539,REG4
540,KLF18
541,SYDE2
542,GPN2
543,CRCT1
544,MROH7
545,CAP1
546,CENPF
547,SCP2
548,SNRPE
549,SLC45A3
550,TAF13
551,ECM1
552,IPO13
553,BCAR3
554,MARCKSL1
555,DEGS1
556,SYT11
557,FABP3
558,GPATCH2
559,KYAT3
560,PROX1
561,SEC16B
562,MTFR1L
563,TMEM59
564,SPRR2B
565,PROK1
566,CLCA1
567,GJB4
568,GIPC2
569,BCAN
570,AKR7A3
571,FCGR1A
572,MCL1
573,CSF1
574,PMF1
575,FAM131C
576,C1orf112
577,TMEM63A
578,NIBAN1
579,RGS7
580,RAB42
581,AK5
582,IL12RB2
583,MECR
584,CEP350
585,F5
586,DCDC2B
587,AGO3
588,ERRFI1
589,ATF3
590,GBP5
591,CYB561D1
592,AGRN
593,CCDC181
594,CCDC185
595,RAB25
596,MTHFR
597,FLAD1
598,LCE3A
599,GJC2
600,ZBED6
601,SPRR1B
602,ILDR2
603,C4BPA
604,P3H1
605,POMGNT1
606,HEATR1
607,ESPN
608,DOCK7
609,PLEKHM2
610,PUM1
611,CDKN2C
612,SNX27
613,MYBPHL
614,TSACC
615,ACOT7
616,SPAG17
617,MFSD2A
618,FLG2
619,ACKR1
620,MTMR11
621,NCMAP
622,CD58
623,DBT
624,CRP
625,TFB2M
626,CLIC4
627,MOB3C
628,OPRD1
629,ADAM30
630,SSU72
631,SHCBP1L
632,DHCR24
633,USP1
634,HYI
635,CLSPN
636,SHISAL2A
637,ZZZ3
638,TSPAN1
639,DIRAS3
640,LEPROT
641,CALML6
642,LRRC42
643,VWA1
644,SPATA17
645,PRKAA2
646,EIF4G3
647,PADI2
648,ZNF672
649,SORT1
650,PRAMEF12
651,BMP8A
652,PBX1
653,OR6F1
654,AADACL4
655,WDR3
656,LCE4A
657,CLK2
658,COG2
659,MRTO4
660,VASH2
661,WARS2
662,NUF2
663,TRIM46
664,WLS
665,CD244
666,ANP32E
667,COA6
668,MPZL1
669,VWA5B1
670,HCRTR1
671,KLHDC8A
672,TNFRSF18
673,CD247
674,DFFA
675,OVGP1
676,YIPF1
677,TOR1AIP1
678,S100A6
679,SLFNL1
680,DDX20
681,GRIK3
682,PRAMEF7
683,DSTYK
684,CENPL
685,ADGRB2
686,RGS18
687,ELF3
688,AK2
689,EBNA1BP2
690,LAMC1
691,SAMD13
692,PIK3CD
693,SMG5
694,RD3
695,CFAP45
696,PKLR
697,ZNF697
698,DPM3
699,PPP1R12B
700,RGS1
701,PTGS2
702,CD160
703,TAS1R1
704,CACNA1S
705,POLR3GL
706,MAP3K6
707,GLIS1
708,CKS1B
709,CASZ1
710,TESK2
711,ETV3L
712,TDRD5
713,KLHL20
714,ANKRD45
715,CEP85
716,TARDBP
717,CFH
718,TNFRSF25
719,TARBP1
720,PGD
721,CZIB
722,EFCAB14
723,TMEM9
724,EPHA2
725,TEKT2
726,ZNF644
727,CEP170
728,VPS13D
729,GJA9
730,CHD1L
731,AGO1
732,TCEANC2
733,ERICH3
734,PRAMEF2
735,H4C15
736,NME7
737,PCNX2
738,TNFRSF1B
739,OR10X1
740,FPGT-TNNI3K
741,KCNJ9
742,EXO1
743,PRDM16
744,C1orf146
745,TFAP2E
746,ADCY10
747,RXFP4
748,ITLN2
749,CHI3L2
750,KCNAB2
751,TOMM40L
752,CR2
753,ACTRT2
754,GNPAT
755,CD1D
756,ADIPOR1
757,LBR
758,ATP1B1
759,LAD1
760,TRMT1L
761,FCN3
762,FASLG
763,XCL1
764,DPH2
765,OR14K1
766,OR2L2
767,ATP5PB
768,C1orf198
769,TRNAU1AP
770,APCS
771,NBPF20
772,COP1
773,MYOG
774,KLHDC7A
775,S100A14
776,ANKRD34A
777,PLPPR5
778,ARID4B
779,PLA2G2A
780,CLCA2
781,DCAF6
782,HSD17B7
783,LEMD1
784,COL9A2
785,OR2AJ1
786,CD164L2
787,JUN
788,NEK2
789,LDLRAP1
790,ATP6V1G3
791,TNN
792,ZSWIM5
793,DNM3
794,EMC1
795,EXTL2
796,ZNF692
797,AIM2
798,PRPF38B
799,SYT2
800,HES4
801,SH2D5
802,CTSS
803,ODF2L
804,PDPN
805,C1orf174
806,CACNA1E
807,PAX7
808,HAPLN2
809,F11R
810,H2AC21
811,CD1E
812,IVL
813,SIPA1L2
814,COA7
815,SCCPDH
816,FCGR2B
817,KLHL21
818,PTGFRN
819,MACF1
820,TMEM79
821,CHIT1
822,MRPS15
823,FLVCR1
824,PRAMEF6
825,PLEKHG5
826,AKIRIN1
827,WNT3A
828,INTS3
829,FCRL4
830,SSR2
831,NKAIN1
832,S100A3
833,UCHL5
834,URB2
835,PEF1
836,LRRC8D
837,ZBTB17
838,BRDT
839,IL20
840,UBE4B
841,BLACAT1
842,TCHH
843,SLC50A1
844,LCE3E
845,MAP10
846,PUSL1
847,WDR77
848,OPTC
849,GPATCH4
850,RCAN3
851,UBIAD1
852,DNTTIP2
853,GPR88
854,LELP1
855,TPRG1L
856,LRIF1
857,TNFSF4
858,CASQ2
859,DPH5
860,SPRR2A
861,PINK1
862,ZMPSTE24
863,OR2T33
864,CNTN2
865,FMO4
866,ECHDC2
867,IPO9
868,VAMP3
869,RGS8
870,OR2T4
871,WDTC1
872,IL24
873,OSBPL9
874,SMIM1
875,FCAMR
876,GBA
877,MYOM3
878,ATP5IF1
879,PLEKHA6
880,HAX1
881,LDLRAD2
882,TMCO2
883,PPP1R15B
884,PSRC1
885,PRG4
886,TMEM200B
887,SYT14
888,HLX
889,EXTL1
890,RNF187
891,RBM8A
892,KHDC4
893,CDC14A
894,OR2L5
895,BGLAP
896,CIART
897,MICOS10
898,PRAMEF1
899,SYCP1
900,KIAA1522
901,S100A9
902,METTL18
903,CHRM3
904,RHCE
905,UQCRH
906,METTL25B
907,ANGPTL7
908,CELA3A
909,DENND2C
910,TUFT1
911,EFNA1
912,CCDC18
913,ARHGAP30
914,ARPC5
915,HPCAL4
916,NGF
917,IFI44
918,OR2T29
919,CCNL2
920,EPHX4
921,CYB5RL
922,TIMM17A
923,SLAMF1
924,BSND
925,HMCN1
926,OR2G6
927,SPRR3
928,RWDD3
929,UFC1
930,SLC9A1
931,SELP
932,TSNAX
933,HNRNPCL1
934,TMOD4
935,PIGC
936,CFHR2
937,POLR3C
938,TTF2
939,TNNI1
940,PRCC
941,LHX9
942,AKR7A2
943,TIPRL
944,TNNT2
945,JTB
946,CGN
947,SIKE1
948,TMCO4
949,EPHA8
950,LRIG2
951,SLC16A4
952,NPPB
953,UTP11
954,DR1
955,NVL
956,SEMA4A
957,CA14
958,HDGF
959,RBBP4
960,RAP1A
961,SMYD3
962,PHGDH
963,NBPF14
964,CFAP126
965,ZBTB37
966,RNPEP
967,OR2L13
968,DMRTA2
969,CYP4Z1
970,PRSS38
971,CMPK1
972,MSTO1
973,TTC34
974,PEX14
975,GJA8
976,ZRANB2
977,NAXE
978,RCC1
979,HMGCS2
980,SASS6
981,UTS2
982,SMIM12
983,LEPR
984,PBXIP1
985,GPR161
986,RSC1A1
987,PRAMEF33
988,KLHL17
989,GORAB
990,DENND4B
991,DNAJC6
992,WRAP73
993,DDR2
994,LCE2D
995,LYPLA2
996,KIAA1614
997,TMEM167B
998,ADGRL4
999,KCNH1
1000,NBPF15
1001,INSL5
1002,ACBD3
1003,STX6
1004,RCSD1
1005,FCGR2A
1006,MIER1
1007,TARS2
1008,HMGCL
1009,CYP4A11
1010,SNAPIN
1011,OR2T1
1012,LZIC
1013,SLC6A17
1014,DNALI1
1015,ERO1B
1016,PRAMEF20
1017,THAP3
1018,ADAM15
1019,LRP8
1020,C2CD4D
1021,LCE1F
1022,GABRD
1023,LCE2A
1024,MINDY1
1025,C1orf105
1026,B3GALT2
1027,NHLH1
1028,KCNK1
1029,CFHR1
1030,DMRTB1
1031,BECN2
1032,VAMP4
1033,ZC3H11B
1034,FRRS1
1035,GPR25
1036,CDC73
1037,TBX15
1038,UAP1
1039,RNF2
1040,ZNF691
1041,CSDE1
1042,CD52
1043,BEST4
1044,MAGI3
1045,CD2
1046,IQCC
1047,DIO1
1048,CD48
1049,DRAXIN
1050,GSTM5
1051,SRRM1
1052,HS2ST1
1053,CCSAP
1054,DENND1B
1055,RPS6KC1
1056,TMEM39B
1057,MROH9
1058,PRAMEF26
1059,PTPN14
1060,MUC1
1061,KCNN3
1062,CORT
1063,OR2T27
1064,INTS11
1065,CENPS-CORT
1066,DYNLT5
1067,SWT1
1068,SLC2A7
1069,PDE4B
1070,HES2
1071,FUBP1
1072,ZYG11B
1073,C1QB
1074,ZC3H12A
1075,OR6K2
1076,ABCD3
1077,NBPF1
1078,LCE3B
1079,OR2AK2
1080,MRPL20
1081,VPS72
1082,SLC5A9
1083,NES
1084,HNRNPR
1085,CAPZA1
1086,HOOK1
1087,NUP210L
1088,OR2M7
1089,E2F2
1090,B3GALT6
1091,ADAMTS4
1092,C1orf226
1093,MYOC
1094,OR14C36
1095,C1orf21
1096,RO60
1097,PFDN2
1098,GPR37L1
1099,PADI3
1100,FCGR3B
1101,ARNT
1102,ZBTB7B
1103,SCAMP3
1104,UBE2T
1105,LAMC2
1106,HSD11B1
1107,OBSCN
1108,ETNK2
1109,S100A2
1110,SERBP1
1111,LIN28A
1112,LCE1A
1113,TMEM222
1114,USP24
1115,NSUN4
1116,CFHR3
1117,FCRL1
1118,COL16A1
1119,SH2D1B
1120,STPG1
1121,TTC13
1122,FAM72C
1123,FAM102B
1124,FMOD
1125,TNFRSF8
1126,OAZ3
1127,OR6N1
1128,SRSF4
1129,LY9
1130,SLC44A5
1131,MIXL1
1132,CTSE
1133,YRDC
1134,PDZK1
1135,CDC7
1136,TNFRSF4
1137,GGPS1
1138,BCAS2
1139,HCN3
1140,ETV3
1141,GUCA2B
1142,PYHIN1
1143,H4C14
1144,KLHDC9
1145,PLPPR4
1146,C4BPB
1147,RPS27
1148,SPRR2E
1149,SLC2A1
1150,HSD3B1
1151,ZMYND12
1152,RGSL1
1153,CAPN2
1154,CELA2B
1155,COL8A2
1156,C1QC
1157,FNBP1L
1158,SUSD4
1159,TMCO1
1160,SLC39A1
1161,SDCCAG8
1162,LMOD1
1163,NT5C1A
1164,SLC22A15
1165,NUCKS1
1166,ADGRL2
1167,LSM10
1168,SLC25A34
1169,ATAD3A
1170,OR2B11
1171,PNRC2
1172,EPHX1
1173,MED8
1174,ATP6V0B
1175,UBE2Q1
1176,NIPAL3
1177,IGSF3
1178,AVPR1B
1179,EDN2
1180,C1orf232
1181,HNRNPU
1182,DEPDC1
1183,SKI
1184,ALX3
1185,STMN1
1186,MRPL9
1187,TEX35
1188,PRXL2B
1189,PEA15
1190,IER5
1191,C1orf141
1192,EPB41
1193,TMEM82
1194,STK40
1195,PHACTR4
1196,CDC42SE1
1197,LMO4
1198,RUSC1
1199,WNT2B
1200,LCE1D
1201,NCSTN
1202,ACTL8
1203,RERE
1204,PRAMEF9
1205,CR1L
1206,BEND5
1207,ZBTB8OS
1208,FAM78B
1209,S100A7A
1210,RUNX3
1211,OTUD3
1212,FBXO6
1213,ATP1A1
1214,SFN
1215,DFFB
1216,LEXM
1217,CAPZB
1218,TTC4
1219,KISS1
1220,HSPA6
1221,AURKAIP1
1222,AGTRAP
1223,CASP9
1224,PI4KB
1225,AKNAD1
1226,TLCD4
1227,IGSF8
1228,F13B
1229,PAPPA2
1230,LRRC53
1231,PRAMEF19
1232,CDK18
1233,NCF2
1234,SFPQ
1235,FBXO42
1236,CHRNB2
1237,H6PD
1238,TPR
1239,RHEX
1240,FCRL3
1241,UTP25
1242,ATAD3B
1243,EFCAB7
1244,SCYL3
1245,OLFML3
1246,CLCNKB
1247,GJA4
1248,ISG15
1249,HES5
1250,TMEM234
1251,GPR153
1252,LDLRAD1
1253,OR6P1
1254,H2BC18
1255,ANGPTL1
1256,HES3
1257,KMO
1258,SCNM1
1259,AIDA
1260,PANK4
1261,PRAMEF15
1262,PADI4
1263,RGS5
1264,C1orf167
1265,NBPF19
1266,NLRP3
1267,RNASEL
1268,TEX50
1269,PABPC4
1270,KIF26B
1271,FCGR3A
1272,MTARC2
1273,ELAPOR1
1274,AGMAT
1275,DUSP23
1276,MAEL
1277,LORICRIN
1278,OR2L8
1279,NBPF9
1280,MEGF6
1281,DUSP12
1282,PODN
1283,ELK4
1284,ASH1L
1285,CFHR4
1286,MAN1A2
1287,ATP2B4
1288,C1orf54
1289,MACO1
1290,NPR1
1291,ALDH9A1
1292,GUCA2A
1293,TUT4
1294,GNG4
1295,GPR52
1296,PIFO
1297,PIAS3
1298,ZNF124
1299,RPAP2
1300,ACOT11
1301,FCRLA
1302,MAPKAPK2
1303,INPP5B
1304,TOMM20
1305,OR6N2
1306,FHL3
1307,TMEM275
1308,SSX2IP
1309,CTBS
1310,EIF2B3
1311,PER3
1312,ZNF684
1313,CCDC190
1314,BCL9
1315,CNST
1316,LAPTM5
1317,NID1
1318,RPS8
1319,RBMXL1
1320,WNT9A
1321,TRMT13
1322,TACSTD2
1323,GCSAML
1324,IKBKE
1325,H2BU1
1326,PTPRF
1327,MANEAL
1328,PIGM
1329,RTCA
1330,KIF1B
1331,AHCTF1
1332,SUCO
1333,PCP4L1
1334,HTR1D
1335,NPHS2
1336,CD101
1337,PHC2
1338,GBP6
1339,CADM3
1340,CHI3L1
1341,ELOVL1
1342,PFKFB2
1343,HTR6
1344,FBLIM1
1345,UBAP2L
1346,S100A8
1347,OR2T2
1348,PLEKHO1
1349,NTRK1
1350,TENT5C
1351,ABL2
1352,S100A1
1353,CD1A
1354,ADPRS
1355,OR2T34
1356,S100PBP
1357,EPS8L3
1358,ATP13A2
1359,OR10J5
1360,SV2A
1361,ABCB10
1362,SLC44A3
1363,LCE6A
1364,C1orf127
1365,GPR3
1366,GBP1
1367,CPLANE2
1368,CRABP2
1369,ASAP3
1370,DRAM2
1371,RPE65
1372,NBPF4
1373,OR2T12
1374,ZNF683
1375,KIF14
1376,SLAMF9
1377,AMIGO1
1378,CDC42BPA
1379,GMEB1
1380,OR10K1
1381,MAP7D1
1382,HNRNPCL3
1383,FYB2
1384,CAMK1G
1385,AQP10
1386,A3GALT2
1387,AGBL4
1388,SDHB
1389,USF1
1390,COLGALT2
1391,MEF2D
1392,MAP1LC3C
1393,ARHGEF19
1394,TLR5
1395,ENO1
1396,MASP2
1397,HIVEP3
1398,ICMT
1399,TMEM240
1400,OR11L1
1401,PGLYRP3
1402,B3GALNT2
1403,OR2T5
1404,MGST3
1405,SH3BGRL3
1406,THEM5
1407,EFHD2
1408,SPRR1A
1409,PDE4DIP
1410,NRAS
1411,ZNF695
1412,EXOC8
1413,TRABD2B
1414,AADACL3
1415,GTF2B
1416,DCST2
1417,PSMB4
1418,YBX1
1419,MFSD4A
1420,PEX10
1421,CSRP1
1422,TADA1
1423,LRRC7
1424,TDRD10
1425,PLK3
1426,C1orf87
1427,MTR
1428,AMY1C
1429,RABIF
1430,PEAR1
1431,OR2T35
1432,SELENON
1433,CELA2A
1434,UBQLN4
1435,FOXE3
1436,S100A12
1437,ALG6
1438,LCE5A
1439,MIA3
1440,HSPB7
1441,NFASC
1442,INKA2
1443,TTC24
1444,ATF6
1445,ANGEL2
1446,HENMT1
1447,LRRC39
1448,DNAJB4
1449,TATDN3
1450,PIK3R3
1451,RNPC3
1452,KCNC4
1453,TRIM67
1454,ZNF678
1455,TMEM61
1456,BPNT1
1457,C1orf131
1458,SLC35D1
1459,RGS4
1460,TTLL7
1461,TNFAIP8L2
1462,OLFM3
1463,EVI5
1464,TMEM50A
1465,BTG2
1466,RIMS3
1467,CC2D1B
1468,MKNK1
1469,PSMB2
1470,BARHL2
1471,ODR4
1472,PRAMEF18
1473,SERPINC1
1474,SLC2A5
1475,KTI12
1476,NBPF10
1477,CELA3B
1478,CYB5R1
1479,MFAP2
1480,RGS2
1481,DIPK1A
1482,GRHL3
1483,ANKRD35
1484,IARS2
1485,TMEM183A
1486,APH1A
1487,FAM177B
1488,PTPRC
1489,UBR4
1490,CPT2
1491,LHX4
1492,ENSA
1493,CROCC
1494,PGBD5
1495,TEDDM1
1496,PPCS
1497,ZNF669
1498,CTTNBP2NL
1499,LUZP1
1500,EPHB2
1501,TTC22
1502,RBP7
1503,MDM4
1504,RPF1
1505,POGK
1506,TGFB2
1507,SLC30A1
1508,KDF1
1509,TP73
1510,CHML
1511,C1orf116
1512,SELENBP1
1513,SLC35F3
1514,DMBX1
1515,LPAR3
1516,TNR
1517,PLCH2
1518,AMY2A
1519,LRRIQ3
1520,PALMD
1521,SMG7
1522,KAZN
1523,PPIAL4G
1524,LENEP
1525,TSSK3
1526,OR14A16
1527,NBL1
1528,FCER1A
1529,IFI44L
1530,ASB17
1531,SDHC
1532,PLA2G2D
1533,FAM72D
1534,GPSM2
1535,ZMYM1
1536,MPL
1537,MRPL55
1538,SLC1A7
1539,INSRR
1540,ENAH
1541,CLDN19
1542,MXRA8
1543,NBPF11
1544,PSMD4
1545,RASSF5
1546,INAVA
1547,ALPL
1548,TINAGL1
1549,ZBTB8A
1550,EDEM3
1551,TNFRSF14
1552,MAGOH
1553,MUL1
1554,C1orf68
1555,PPIAL4H
1556,FNDC5
1557,DHX9
1558,OR2T7
1559,TXNIP
1560,NRDC
1561,HSPG2
1562,GNAT2
1563,PTBP2
1564,CLCN6
1565,OR2G3
1566,C1orf50
1567,RPS6KA1
1568,ASTN1
1569,C1orf210
1570,OR2T10
1571,LAX1
1572,KLHL12
1573,TIE1
1574,OR2M4
1575,LCE1B
1576,RAP1GAP
1577,ZMYM6
1578,EGLN1
1579,ITPKB
1580,SLC45A1
1581,DPT
1582,AZIN2
1583,LGR6
1584,MATN1
1585,CTSK
1586,YOD1
1587,RAB3GAP2
1588,ATP8B2
1589,ADORA3
1590,FCRL6
1591,MED18
1592,THEM4
1593,COL11A1
1594,IL6R
1595,GPX7
1596,NIT1
1597,MFN2
1598,PKN2
1599,EFCAB2
1600,CELSR2
1601,CITED4
1602,RCOR3
1603,TMCC2
1604,RIT1
1605,PLA2G2C
1606,PTCH2
1607,TRIM45
1608,PTP4A2
1609,MAP3K21
1610,MYCBP
1611,CFAP74
1612,CDK11B
1613,USP21
1614,STYXL2
1615,C1orf109
1616,RLF
1617,DLGAP3
1618,PIGR
1619,AJAP1
1620,SSBP3
1621,FAM167B
1622,TSHB
1623,DVL1
1624,MICOS10-NBL1
1625,GBP7
1626,DESI2
1627,AMY1A
1628,PERM1
1629,NPPA
1630,RNF223
1631,INTS7
1632,OR6K6
1633,NADK
1634,HAO2
1635,XKR8
1636,MNDA
1637,DNAI4
1638,THEMIS2
1639,CNR2
1640,NUDC
1641,BCL2L15
1642,FBXO44
1643,GNG12
1644,SRARP
1645,SPSB1
1646,SNRNP40
1647,KIRREL1
1648,ZFP69
1649,RAB4A
1650,POU3F1
1651,C1orf100
1652,KCND3
1653,NDC1
1654,TMED5
1655,CERS2
1656,OR10K2
1657,CYP4B1
1658,FBXO28
1659,OTUD7B
1660,RAB7B
1661,PTAFR
1662,CD46
1663,ZFYVE9
1664,MTARC1
1665,H2BC21
1666,DISP1
1667,FAM163A
1668,GDAP2
1669,CACYBP
1670,VPS45
1671,DNAJC8
1672,FCRL2
1673,FGGY
1674,SZRD1
1675,DAB1
1676,AK4
1677,REN
1678,ARHGEF11
1679,SPRTN
1680,ZSCAN20
1681,ZNHIT6
1682,ROR1
1683,TRNP1
1684,ZBTB48
1685,EPRS1
1686,SPRR2F
1687,METTL13
1688,CLCA4
1689,KDM5B
1690,IL23R
1691,GCLM
1692,SLC66A1
1693,TMIGD3
1694,SH3D21
1695,VANGL2
1696,LAMTOR5
1697,RRAGC
1698,PPP2R5A
1699,MYCL
1700,ECE1
1701,QSOX1
1702,OR14I1
1703,FAM183A
1704,TAF12
1705,EIF3I
1706,ACP6
1707,SPATA21
1708,S100A4
1709,PPIAL4F
1710,PRAMEF10
1711,CEPT1
1712,RPRD2
1713,OR10T2
1714,P3R3URF-PIK3R3
1715,C1orf115
1716,CAMTA1
1717,APOA2
1718,ZNF687
1719,COQ8A
1720,NTMT2
1721,NUP133
1722,SAMD11
1723,PHLDA3
1724,SOX13
1725,C1orf185
1726,PRUNE1
1727,MRPS21
1728,FAM189B
1729,TRIT1
1730,PADI1
1731,RNF11
1732,CNKSR1
1733,BTBD8
1734,SLAMF6
1735,SLC19A2
1736,SF3A3
1737,KIAA0319L
1738,ACTA1
1739,LRRC38
1740,FDPS
1741,SELENOF
1742,HFM1
1743,ERI3
1744,L1TD1
1745,YY1AP1
1746,PAQR7
1747,PM20D1
1748,KNCN
1749,DTL
1750,GNAI3
1751,CRNN
1752,SYT6
1753,PARS2
1754,ACADM
1755,TMEM269
1756,OR2T8
1757,CATSPERE
1758,S1PR1
1759,PAFAH2
1760,ADAR
1761,C1orf159
1762,CLEC20A
1763,TEX38
1764,ATPAF1
1765,PRMT6
1766,IRF2BP2
1767,SDF4
1768,GLMN
1769,SLC27A3
1770,IFFO2
1771,MCOLN3
1772,FLG
1773,PLEKHN1
1774,PADI6
1775,ZNF362
1776,CTNNBIP1
1777,OR2C3
1778,HNRNPCL2
1779,GPR137B
1780,SPATA6
1781,LGALS8
1782,BRINP3
1783,PRPF38A
1784,TP53BP2
1785,TMEM201
1786,CCT3
1787,ASPM
1788,FOXJ3
1789,CENPS
1790,TNFSF18
1791,LRRN2
1792,RSBN1
1793,HHAT
1794,FAM151A
1795,HRNR
1796,LRRC8C
1797,SLC35E2B
1798,POGZ
1799,GFI1
1800,OR2M2
1801,KCNA2
1802,SHE
1803,PHTF1
1804,LCE1C
1805,UBXN10
1806,ACBD6
1807,ARV1
1808,PRAMEF4
1809,DAP3
1810,CCDC27
1811,LCE2B
1812,RAB3B
1813,GBP2
1814,MRPL37
1815,DPYD
1816,AUNIP
1817,EVA1B
1818,LINGO4
1819,EYA3
1820,GLMP
1821,GJB3
1822,SRSF11
1823,SEC22B
1824,DEDD
1825,PYCR2
1826,PRAMEF17
1827,DDOST
1828,NSL1
1829,C1orf74
1830,OR14A2
1831,SF3B4
1832,PTPRU
1833,RHBG
1834,ANKRD13C
1835,RPL5
1836,SPRR4
1837,CCDC28B
1838,ITGB3BP
1839,C8B
1840,IL19
1841,MYSM1
1842,TMEM54
1843,ZNF281
1844,C1orf43
1845,TRAF5
1846,SARS1
1847,TTC39A
1848,GJA5
1849,FCRL5
1850,OR10J1
1851,AMY1B
1852,MEAF6
1853,ARTN
1854,RHOC
1855,RNF186
1856,C1orf216
1857,LMNA
1858,ATXN7L2
1859,TRIM62
1860,GBP3
1861,FHAD1
1862,PARK7
1863,RGS16
1864,TSEN15
1865,ST6GALNAC3
1866,FBXO2
1867,RER1
1868,HNRNPCL4
1869,ANGPTL3
1870,AMPD2
1871,SCNN1D
1872,CDK11A
1873,C1QA
1874,GPATCH3
1875,ASCL5
1876,PGM1
1877,TMEM125
1878,HJV
1879,PRELP
1880,IFI6
1881,TBX19
1882,RGS13
1883,LRRC47
1884,SERTAD4
1885,KDM4A
1886,EFNA4
1887,CD53
1888,CFAP57
1889,PRAMEF8
1890,TAS1R3
1891,LIX1L
1892,GALNT2
1893,CAMK2N1
1894,SVBP
1895,LRRC71
1896,SLC25A33
1897,DHRS3
1898,PRPF3
1899,PPP1R8
1900,BCL10
1901,ARMH1
1902,AP4B1
1903,APOBEC4
1904,RABGAP1L
1905,PSEN2
1906,NOC2L
1907,RAB29
1908,NUDT4B
1909,MPC2
1910,TCEA3
1911,GALE
1912,FAM89A
1913,CCN1
1914,FOXO6
1915,CNN3
1916,C1orf52
1917,USP48
1918,TYW3
1919,GON4L
1920,BLZF1
1921,HP1BP3
1922,SRSF10
1923,SNAP47
1924,PRAMEF11
1925,KPNA6
1926,ID3
1927,PLA2G2E
1928,ALDH4A1
1929,ZYG11A
1930,ZP4
1931,AXDND1
1932,PIK3C2B
1933,UROD
1934,SDC3
1935,MMEL1
1936,OR2T6
1937,HHIPL2
1938,PRDX1
1939,CRYZ
1940,ITLN1
1941,TSNAX-DISC1
1942,SLC16A1
1943,TRIM17
1944,CFHR5
1945,ARHGAP29
1946,C1orf53
1947,CELF3
1948,ELOA
1949,KLF17
1950,OR1C1
1951,MMACHC
1952,FAAH
1953,PACC1
1954,VHLL
1955,NMNAT1
1956,SPRR2D
1957,RYR2
1958,NR0B2
1959,DENND2D
1960,CD84
1961,SETSIP
1962,GNL2
1963,MOV10
1964,KCNQ4
1965,TRIM63
1966,VCAM1
1967,OR2T3
1968,TOR3A
1969,SLC9C2
1970,CREB3L4
1971,NOTCH2
1972,ANXA9
1973,FAM20B
1974,KANK4
1975,SYTL1
1976,PLPP3
1977,SHC1
1978,OR2T11
1979,BRINP2
1980,PPIE
1981,CRB1
1982,TRIM33
1983,SPATA1
